[
{
    "pk": 1, 
    "model": "photos.album", 
    "fields": {
        "date_created": "2009-09-16T23:09:19Z", 
        "last_updated": "2009-11-08T16:06:31Z", 
        "name": "subtropical uncounted joystick's", 
        "revision_number": 3, 
        "creator": 10
    }
},
{
    "pk": 2, 
    "model": "photos.album", 
    "fields": {
        "date_created": "2009-01-22T10:07:57Z", 
        "last_updated": "2009-01-31T10:50:43Z", 
        "name": "mussy Samoan adi\u00f3s phantoms Boethius", 
        "revision_number": 1, 
        "creator": 8
    }
},
{
    "pk": 3, 
    "model": "photos.album", 
    "fields": {
        "date_created": "2009-11-16T12:34:52Z", 
        "last_updated": "2009-12-04T21:48:47Z", 
        "name": "prevent", 
        "revision_number": 1, 
        "creator": 11
    }
},
{
    "pk": 4, 
    "model": "photos.album", 
    "fields": {
        "date_created": "2009-09-23T05:55:44Z", 
        "last_updated": "2009-10-02T19:18:39Z", 
        "name": "circumcision Sykes's declaims concord", 
        "revision_number": 1, 
        "creator": 11
    }
},
{
    "pk": 5, 
    "model": "photos.album", 
    "fields": {
        "date_created": "2009-02-12T01:31:26Z", 
        "last_updated": "2009-02-23T06:30:00Z", 
        "name": "scarf's Regina's Mohican's", 
        "revision_number": 2, 
        "creator": 12
    }
},
{
    "pk": 6, 
    "model": "photos.album", 
    "fields": {
        "date_created": "2009-07-26T04:20:07Z", 
        "last_updated": "2009-08-09T23:45:03Z", 
        "name": "consumers abrogated Green's", 
        "revision_number": 1, 
        "creator": 17
    }
},
{
    "pk": 7, 
    "model": "photos.album", 
    "fields": {
        "date_created": "2009-12-28T09:18:18Z", 
        "last_updated": "2010-02-17T05:59:31Z", 
        "name": "creepy dumber overwrite cagily", 
        "revision_number": 4, 
        "creator": 3
    }
},
{
    "pk": 8, 
    "model": "photos.album", 
    "fields": {
        "date_created": "2009-05-20T18:51:46Z", 
        "last_updated": "2009-07-07T12:57:11Z", 
        "name": "hep make sandlots mechanisms", 
        "revision_number": 3, 
        "creator": 15
    }
},
{
    "pk": 9, 
    "model": "photos.album", 
    "fields": {
        "date_created": "2009-05-30T16:04:23Z", 
        "last_updated": "2009-06-28T14:09:05Z", 
        "name": "cautioned whoa", 
        "revision_number": 1, 
        "creator": 11
    }
},
{
    "pk": 10, 
    "model": "photos.album", 
    "fields": {
        "date_created": "2009-09-10T15:00:26Z", 
        "last_updated": "2009-10-24T06:27:04Z", 
        "name": "eunuch's nuisance's exhaustion's outsource Orlon's", 
        "revision_number": 3, 
        "creator": 6
    }
},
{
    "pk": 1, 
    "model": "photos.albummember", 
    "fields": {
        "album": 1, 
        "added_by_user": 10, 
        "datetime_added": "2009-09-16T23:09:19Z", 
        "user": 11
    }
},
{
    "pk": 2, 
    "model": "photos.albummember", 
    "fields": {
        "album": 1, 
        "added_by_user": 10, 
        "datetime_added": "2009-09-16T23:09:19Z", 
        "user": 10
    }
},
{
    "pk": 3, 
    "model": "photos.albummember", 
    "fields": {
        "album": 1, 
        "added_by_user": 10, 
        "datetime_added": "2009-09-16T23:09:19Z", 
        "user": 13
    }
},
{
    "pk": 4, 
    "model": "photos.albummember", 
    "fields": {
        "album": 1, 
        "added_by_user": 10, 
        "datetime_added": "2009-09-16T23:09:19Z", 
        "user": 12
    }
},
{
    "pk": 5, 
    "model": "photos.albummember", 
    "fields": {
        "album": 1, 
        "added_by_user": 10, 
        "datetime_added": "2009-09-16T23:09:19Z", 
        "user": 15
    }
},
{
    "pk": 6, 
    "model": "photos.albummember", 
    "fields": {
        "album": 1, 
        "added_by_user": 10, 
        "datetime_added": "2009-09-16T23:09:19Z", 
        "user": 14
    }
},
{
    "pk": 7, 
    "model": "photos.albummember", 
    "fields": {
        "album": 1, 
        "added_by_user": 10, 
        "datetime_added": "2009-09-16T23:09:19Z", 
        "user": 16
    }
},
{
    "pk": 8, 
    "model": "photos.albummember", 
    "fields": {
        "album": 1, 
        "added_by_user": 10, 
        "datetime_added": "2009-09-16T23:09:19Z", 
        "user": 1
    }
},
{
    "pk": 9, 
    "model": "photos.albummember", 
    "fields": {
        "album": 1, 
        "added_by_user": 10, 
        "datetime_added": "2009-09-16T23:09:19Z", 
        "user": 5
    }
},
{
    "pk": 10, 
    "model": "photos.albummember", 
    "fields": {
        "album": 1, 
        "added_by_user": 10, 
        "datetime_added": "2009-09-16T23:09:19Z", 
        "user": 4
    }
},
{
    "pk": 11, 
    "model": "photos.albummember", 
    "fields": {
        "album": 1, 
        "added_by_user": 10, 
        "datetime_added": "2009-09-16T23:09:19Z", 
        "user": 7
    }
},
{
    "pk": 12, 
    "model": "photos.albummember", 
    "fields": {
        "album": 1, 
        "added_by_user": 10, 
        "datetime_added": "2009-09-16T23:09:19Z", 
        "user": 6
    }
},
{
    "pk": 13, 
    "model": "photos.albummember", 
    "fields": {
        "album": 1, 
        "added_by_user": 10, 
        "datetime_added": "2009-09-16T23:09:19Z", 
        "user": 9
    }
},
{
    "pk": 14, 
    "model": "photos.albummember", 
    "fields": {
        "album": 1, 
        "added_by_user": 10, 
        "datetime_added": "2009-09-16T23:09:19Z", 
        "user": 8
    }
},
{
    "pk": 15, 
    "model": "photos.albummember", 
    "fields": {
        "album": 2, 
        "added_by_user": 8, 
        "datetime_added": "2009-01-22T10:07:57Z", 
        "user": 11
    }
},
{
    "pk": 16, 
    "model": "photos.albummember", 
    "fields": {
        "album": 2, 
        "added_by_user": 8, 
        "datetime_added": "2009-01-22T10:07:57Z", 
        "user": 10
    }
},
{
    "pk": 17, 
    "model": "photos.albummember", 
    "fields": {
        "album": 2, 
        "added_by_user": 8, 
        "datetime_added": "2009-01-22T10:07:57Z", 
        "user": 13
    }
},
{
    "pk": 18, 
    "model": "photos.albummember", 
    "fields": {
        "album": 2, 
        "added_by_user": 8, 
        "datetime_added": "2009-01-22T10:07:57Z", 
        "user": 12
    }
},
{
    "pk": 19, 
    "model": "photos.albummember", 
    "fields": {
        "album": 2, 
        "added_by_user": 8, 
        "datetime_added": "2009-01-22T10:07:57Z", 
        "user": 15
    }
},
{
    "pk": 20, 
    "model": "photos.albummember", 
    "fields": {
        "album": 2, 
        "added_by_user": 8, 
        "datetime_added": "2009-01-22T10:07:57Z", 
        "user": 14
    }
},
{
    "pk": 21, 
    "model": "photos.albummember", 
    "fields": {
        "album": 2, 
        "added_by_user": 8, 
        "datetime_added": "2009-01-22T10:07:57Z", 
        "user": 17
    }
},
{
    "pk": 22, 
    "model": "photos.albummember", 
    "fields": {
        "album": 2, 
        "added_by_user": 8, 
        "datetime_added": "2009-01-22T10:07:57Z", 
        "user": 1
    }
},
{
    "pk": 23, 
    "model": "photos.albummember", 
    "fields": {
        "album": 2, 
        "added_by_user": 8, 
        "datetime_added": "2009-01-22T10:07:57Z", 
        "user": 3
    }
},
{
    "pk": 24, 
    "model": "photos.albummember", 
    "fields": {
        "album": 2, 
        "added_by_user": 8, 
        "datetime_added": "2009-01-22T10:07:57Z", 
        "user": 5
    }
},
{
    "pk": 25, 
    "model": "photos.albummember", 
    "fields": {
        "album": 2, 
        "added_by_user": 8, 
        "datetime_added": "2009-01-22T10:07:57Z", 
        "user": 7
    }
},
{
    "pk": 26, 
    "model": "photos.albummember", 
    "fields": {
        "album": 2, 
        "added_by_user": 8, 
        "datetime_added": "2009-01-22T10:07:57Z", 
        "user": 6
    }
},
{
    "pk": 27, 
    "model": "photos.albummember", 
    "fields": {
        "album": 2, 
        "added_by_user": 8, 
        "datetime_added": "2009-01-22T10:07:57Z", 
        "user": 9
    }
},
{
    "pk": 28, 
    "model": "photos.albummember", 
    "fields": {
        "album": 2, 
        "added_by_user": 8, 
        "datetime_added": "2009-01-22T10:07:57Z", 
        "user": 8
    }
},
{
    "pk": 29, 
    "model": "photos.albummember", 
    "fields": {
        "album": 3, 
        "added_by_user": 11, 
        "datetime_added": "2009-11-16T12:34:52Z", 
        "user": 11
    }
},
{
    "pk": 30, 
    "model": "photos.albummember", 
    "fields": {
        "album": 3, 
        "added_by_user": 11, 
        "datetime_added": "2009-11-16T12:34:52Z", 
        "user": 13
    }
},
{
    "pk": 31, 
    "model": "photos.albummember", 
    "fields": {
        "album": 3, 
        "added_by_user": 11, 
        "datetime_added": "2009-11-16T12:34:52Z", 
        "user": 14
    }
},
{
    "pk": 32, 
    "model": "photos.albummember", 
    "fields": {
        "album": 3, 
        "added_by_user": 11, 
        "datetime_added": "2009-11-16T12:34:52Z", 
        "user": 17
    }
},
{
    "pk": 33, 
    "model": "photos.albummember", 
    "fields": {
        "album": 3, 
        "added_by_user": 11, 
        "datetime_added": "2009-11-16T12:34:52Z", 
        "user": 1
    }
},
{
    "pk": 34, 
    "model": "photos.albummember", 
    "fields": {
        "album": 3, 
        "added_by_user": 11, 
        "datetime_added": "2009-11-16T12:34:52Z", 
        "user": 3
    }
},
{
    "pk": 35, 
    "model": "photos.albummember", 
    "fields": {
        "album": 3, 
        "added_by_user": 11, 
        "datetime_added": "2009-11-16T12:34:52Z", 
        "user": 5
    }
},
{
    "pk": 36, 
    "model": "photos.albummember", 
    "fields": {
        "album": 3, 
        "added_by_user": 11, 
        "datetime_added": "2009-11-16T12:34:52Z", 
        "user": 4
    }
},
{
    "pk": 37, 
    "model": "photos.albummember", 
    "fields": {
        "album": 3, 
        "added_by_user": 11, 
        "datetime_added": "2009-11-16T12:34:52Z", 
        "user": 9
    }
},
{
    "pk": 38, 
    "model": "photos.albummember", 
    "fields": {
        "album": 3, 
        "added_by_user": 11, 
        "datetime_added": "2009-11-16T12:34:52Z", 
        "user": 8
    }
},
{
    "pk": 39, 
    "model": "photos.albummember", 
    "fields": {
        "album": 4, 
        "added_by_user": 11, 
        "datetime_added": "2009-09-23T05:55:44Z", 
        "user": 11
    }
},
{
    "pk": 40, 
    "model": "photos.albummember", 
    "fields": {
        "album": 4, 
        "added_by_user": 11, 
        "datetime_added": "2009-09-23T05:55:44Z", 
        "user": 10
    }
},
{
    "pk": 41, 
    "model": "photos.albummember", 
    "fields": {
        "album": 4, 
        "added_by_user": 11, 
        "datetime_added": "2009-09-23T05:55:44Z", 
        "user": 13
    }
},
{
    "pk": 42, 
    "model": "photos.albummember", 
    "fields": {
        "album": 4, 
        "added_by_user": 11, 
        "datetime_added": "2009-09-23T05:55:44Z", 
        "user": 12
    }
},
{
    "pk": 43, 
    "model": "photos.albummember", 
    "fields": {
        "album": 4, 
        "added_by_user": 11, 
        "datetime_added": "2009-09-23T05:55:44Z", 
        "user": 15
    }
},
{
    "pk": 44, 
    "model": "photos.albummember", 
    "fields": {
        "album": 4, 
        "added_by_user": 11, 
        "datetime_added": "2009-09-23T05:55:44Z", 
        "user": 14
    }
},
{
    "pk": 45, 
    "model": "photos.albummember", 
    "fields": {
        "album": 4, 
        "added_by_user": 11, 
        "datetime_added": "2009-09-23T05:55:44Z", 
        "user": 17
    }
},
{
    "pk": 46, 
    "model": "photos.albummember", 
    "fields": {
        "album": 4, 
        "added_by_user": 11, 
        "datetime_added": "2009-09-23T05:55:44Z", 
        "user": 16
    }
},
{
    "pk": 47, 
    "model": "photos.albummember", 
    "fields": {
        "album": 4, 
        "added_by_user": 11, 
        "datetime_added": "2009-09-23T05:55:44Z", 
        "user": 1
    }
},
{
    "pk": 48, 
    "model": "photos.albummember", 
    "fields": {
        "album": 4, 
        "added_by_user": 11, 
        "datetime_added": "2009-09-23T05:55:44Z", 
        "user": 3
    }
},
{
    "pk": 49, 
    "model": "photos.albummember", 
    "fields": {
        "album": 4, 
        "added_by_user": 11, 
        "datetime_added": "2009-09-23T05:55:44Z", 
        "user": 2
    }
},
{
    "pk": 50, 
    "model": "photos.albummember", 
    "fields": {
        "album": 4, 
        "added_by_user": 11, 
        "datetime_added": "2009-09-23T05:55:44Z", 
        "user": 5
    }
},
{
    "pk": 51, 
    "model": "photos.albummember", 
    "fields": {
        "album": 4, 
        "added_by_user": 11, 
        "datetime_added": "2009-09-23T05:55:44Z", 
        "user": 4
    }
},
{
    "pk": 52, 
    "model": "photos.albummember", 
    "fields": {
        "album": 4, 
        "added_by_user": 11, 
        "datetime_added": "2009-09-23T05:55:44Z", 
        "user": 7
    }
},
{
    "pk": 53, 
    "model": "photos.albummember", 
    "fields": {
        "album": 4, 
        "added_by_user": 11, 
        "datetime_added": "2009-09-23T05:55:44Z", 
        "user": 6
    }
},
{
    "pk": 54, 
    "model": "photos.albummember", 
    "fields": {
        "album": 4, 
        "added_by_user": 11, 
        "datetime_added": "2009-09-23T05:55:44Z", 
        "user": 9
    }
},
{
    "pk": 55, 
    "model": "photos.albummember", 
    "fields": {
        "album": 4, 
        "added_by_user": 11, 
        "datetime_added": "2009-09-23T05:55:44Z", 
        "user": 8
    }
},
{
    "pk": 56, 
    "model": "photos.albummember", 
    "fields": {
        "album": 5, 
        "added_by_user": 12, 
        "datetime_added": "2009-02-12T01:31:26Z", 
        "user": 11
    }
},
{
    "pk": 57, 
    "model": "photos.albummember", 
    "fields": {
        "album": 5, 
        "added_by_user": 12, 
        "datetime_added": "2009-02-12T01:31:26Z", 
        "user": 10
    }
},
{
    "pk": 58, 
    "model": "photos.albummember", 
    "fields": {
        "album": 5, 
        "added_by_user": 12, 
        "datetime_added": "2009-02-12T01:31:26Z", 
        "user": 13
    }
},
{
    "pk": 59, 
    "model": "photos.albummember", 
    "fields": {
        "album": 5, 
        "added_by_user": 12, 
        "datetime_added": "2009-02-12T01:31:26Z", 
        "user": 12
    }
},
{
    "pk": 60, 
    "model": "photos.albummember", 
    "fields": {
        "album": 5, 
        "added_by_user": 12, 
        "datetime_added": "2009-02-12T01:31:26Z", 
        "user": 17
    }
},
{
    "pk": 61, 
    "model": "photos.albummember", 
    "fields": {
        "album": 5, 
        "added_by_user": 12, 
        "datetime_added": "2009-02-12T01:31:26Z", 
        "user": 16
    }
},
{
    "pk": 62, 
    "model": "photos.albummember", 
    "fields": {
        "album": 5, 
        "added_by_user": 12, 
        "datetime_added": "2009-02-12T01:31:26Z", 
        "user": 1
    }
},
{
    "pk": 63, 
    "model": "photos.albummember", 
    "fields": {
        "album": 5, 
        "added_by_user": 12, 
        "datetime_added": "2009-02-12T01:31:26Z", 
        "user": 3
    }
},
{
    "pk": 64, 
    "model": "photos.albummember", 
    "fields": {
        "album": 5, 
        "added_by_user": 12, 
        "datetime_added": "2009-02-12T01:31:26Z", 
        "user": 2
    }
},
{
    "pk": 65, 
    "model": "photos.albummember", 
    "fields": {
        "album": 5, 
        "added_by_user": 12, 
        "datetime_added": "2009-02-12T01:31:26Z", 
        "user": 5
    }
},
{
    "pk": 66, 
    "model": "photos.albummember", 
    "fields": {
        "album": 5, 
        "added_by_user": 12, 
        "datetime_added": "2009-02-12T01:31:26Z", 
        "user": 6
    }
},
{
    "pk": 67, 
    "model": "photos.albummember", 
    "fields": {
        "album": 5, 
        "added_by_user": 12, 
        "datetime_added": "2009-02-12T01:31:26Z", 
        "user": 9
    }
},
{
    "pk": 68, 
    "model": "photos.albummember", 
    "fields": {
        "album": 6, 
        "added_by_user": 17, 
        "datetime_added": "2009-07-26T04:20:07Z", 
        "user": 10
    }
},
{
    "pk": 69, 
    "model": "photos.albummember", 
    "fields": {
        "album": 6, 
        "added_by_user": 17, 
        "datetime_added": "2009-07-26T04:20:07Z", 
        "user": 13
    }
},
{
    "pk": 70, 
    "model": "photos.albummember", 
    "fields": {
        "album": 6, 
        "added_by_user": 17, 
        "datetime_added": "2009-07-26T04:20:07Z", 
        "user": 12
    }
},
{
    "pk": 71, 
    "model": "photos.albummember", 
    "fields": {
        "album": 6, 
        "added_by_user": 17, 
        "datetime_added": "2009-07-26T04:20:07Z", 
        "user": 17
    }
},
{
    "pk": 72, 
    "model": "photos.albummember", 
    "fields": {
        "album": 6, 
        "added_by_user": 17, 
        "datetime_added": "2009-07-26T04:20:07Z", 
        "user": 1
    }
},
{
    "pk": 73, 
    "model": "photos.albummember", 
    "fields": {
        "album": 6, 
        "added_by_user": 17, 
        "datetime_added": "2009-07-26T04:20:07Z", 
        "user": 3
    }
},
{
    "pk": 74, 
    "model": "photos.albummember", 
    "fields": {
        "album": 6, 
        "added_by_user": 17, 
        "datetime_added": "2009-07-26T04:20:07Z", 
        "user": 2
    }
},
{
    "pk": 75, 
    "model": "photos.albummember", 
    "fields": {
        "album": 6, 
        "added_by_user": 17, 
        "datetime_added": "2009-07-26T04:20:07Z", 
        "user": 5
    }
},
{
    "pk": 76, 
    "model": "photos.albummember", 
    "fields": {
        "album": 6, 
        "added_by_user": 17, 
        "datetime_added": "2009-07-26T04:20:07Z", 
        "user": 4
    }
},
{
    "pk": 77, 
    "model": "photos.albummember", 
    "fields": {
        "album": 6, 
        "added_by_user": 17, 
        "datetime_added": "2009-07-26T04:20:07Z", 
        "user": 9
    }
},
{
    "pk": 78, 
    "model": "photos.albummember", 
    "fields": {
        "album": 6, 
        "added_by_user": 17, 
        "datetime_added": "2009-07-26T04:20:07Z", 
        "user": 8
    }
},
{
    "pk": 79, 
    "model": "photos.albummember", 
    "fields": {
        "album": 7, 
        "added_by_user": 3, 
        "datetime_added": "2009-12-28T09:18:18Z", 
        "user": 11
    }
},
{
    "pk": 80, 
    "model": "photos.albummember", 
    "fields": {
        "album": 7, 
        "added_by_user": 3, 
        "datetime_added": "2009-12-28T09:18:18Z", 
        "user": 10
    }
},
{
    "pk": 81, 
    "model": "photos.albummember", 
    "fields": {
        "album": 7, 
        "added_by_user": 3, 
        "datetime_added": "2009-12-28T09:18:18Z", 
        "user": 15
    }
},
{
    "pk": 82, 
    "model": "photos.albummember", 
    "fields": {
        "album": 7, 
        "added_by_user": 3, 
        "datetime_added": "2009-12-28T09:18:18Z", 
        "user": 14
    }
},
{
    "pk": 83, 
    "model": "photos.albummember", 
    "fields": {
        "album": 7, 
        "added_by_user": 3, 
        "datetime_added": "2009-12-28T09:18:18Z", 
        "user": 3
    }
},
{
    "pk": 84, 
    "model": "photos.albummember", 
    "fields": {
        "album": 7, 
        "added_by_user": 3, 
        "datetime_added": "2009-12-28T09:18:18Z", 
        "user": 5
    }
},
{
    "pk": 85, 
    "model": "photos.albummember", 
    "fields": {
        "album": 8, 
        "added_by_user": 15, 
        "datetime_added": "2009-05-20T18:51:46Z", 
        "user": 10
    }
},
{
    "pk": 86, 
    "model": "photos.albummember", 
    "fields": {
        "album": 8, 
        "added_by_user": 15, 
        "datetime_added": "2009-05-20T18:51:46Z", 
        "user": 13
    }
},
{
    "pk": 87, 
    "model": "photos.albummember", 
    "fields": {
        "album": 8, 
        "added_by_user": 15, 
        "datetime_added": "2009-05-20T18:51:46Z", 
        "user": 15
    }
},
{
    "pk": 88, 
    "model": "photos.albummember", 
    "fields": {
        "album": 8, 
        "added_by_user": 15, 
        "datetime_added": "2009-05-20T18:51:46Z", 
        "user": 14
    }
},
{
    "pk": 89, 
    "model": "photos.albummember", 
    "fields": {
        "album": 8, 
        "added_by_user": 15, 
        "datetime_added": "2009-05-20T18:51:46Z", 
        "user": 17
    }
},
{
    "pk": 90, 
    "model": "photos.albummember", 
    "fields": {
        "album": 8, 
        "added_by_user": 15, 
        "datetime_added": "2009-05-20T18:51:46Z", 
        "user": 1
    }
},
{
    "pk": 91, 
    "model": "photos.albummember", 
    "fields": {
        "album": 8, 
        "added_by_user": 15, 
        "datetime_added": "2009-05-20T18:51:46Z", 
        "user": 3
    }
},
{
    "pk": 92, 
    "model": "photos.albummember", 
    "fields": {
        "album": 8, 
        "added_by_user": 15, 
        "datetime_added": "2009-05-20T18:51:46Z", 
        "user": 2
    }
},
{
    "pk": 93, 
    "model": "photos.albummember", 
    "fields": {
        "album": 8, 
        "added_by_user": 15, 
        "datetime_added": "2009-05-20T18:51:46Z", 
        "user": 4
    }
},
{
    "pk": 94, 
    "model": "photos.albummember", 
    "fields": {
        "album": 8, 
        "added_by_user": 15, 
        "datetime_added": "2009-05-20T18:51:46Z", 
        "user": 6
    }
},
{
    "pk": 95, 
    "model": "photos.albummember", 
    "fields": {
        "album": 8, 
        "added_by_user": 15, 
        "datetime_added": "2009-05-20T18:51:46Z", 
        "user": 9
    }
},
{
    "pk": 96, 
    "model": "photos.albummember", 
    "fields": {
        "album": 9, 
        "added_by_user": 11, 
        "datetime_added": "2009-05-30T16:04:23Z", 
        "user": 11
    }
},
{
    "pk": 97, 
    "model": "photos.albummember", 
    "fields": {
        "album": 9, 
        "added_by_user": 11, 
        "datetime_added": "2009-05-30T16:04:23Z", 
        "user": 13
    }
},
{
    "pk": 98, 
    "model": "photos.albummember", 
    "fields": {
        "album": 9, 
        "added_by_user": 11, 
        "datetime_added": "2009-05-30T16:04:23Z", 
        "user": 15
    }
},
{
    "pk": 99, 
    "model": "photos.albummember", 
    "fields": {
        "album": 9, 
        "added_by_user": 11, 
        "datetime_added": "2009-05-30T16:04:23Z", 
        "user": 14
    }
},
{
    "pk": 100, 
    "model": "photos.albummember", 
    "fields": {
        "album": 9, 
        "added_by_user": 11, 
        "datetime_added": "2009-05-30T16:04:23Z", 
        "user": 16
    }
},
{
    "pk": 101, 
    "model": "photos.albummember", 
    "fields": {
        "album": 9, 
        "added_by_user": 11, 
        "datetime_added": "2009-05-30T16:04:23Z", 
        "user": 2
    }
},
{
    "pk": 102, 
    "model": "photos.albummember", 
    "fields": {
        "album": 9, 
        "added_by_user": 11, 
        "datetime_added": "2009-05-30T16:04:23Z", 
        "user": 5
    }
},
{
    "pk": 103, 
    "model": "photos.albummember", 
    "fields": {
        "album": 10, 
        "added_by_user": 6, 
        "datetime_added": "2009-09-10T15:00:26Z", 
        "user": 6
    }
},
{
    "pk": "0458d938-743f-49d9-8294-a0c361369ec4", 
    "model": "photos.photo", 
    "fields": {
        "album": 1, 
        "author": 14, 
        "bucket": "local:photos02", 
        "height": 480, 
        "width": 640, 
        "date_created": "2009-11-03T09:57:15Z"
    }
},
{
    "pk": "0765d516-7861-4274-91f5-2c5d4e3f048e", 
    "model": "photos.photo", 
    "fields": {
        "album": 7, 
        "author": 8, 
        "bucket": "local:photos04", 
        "height": 480, 
        "width": 640, 
        "date_created": "2010-02-17T05:59:31Z"
    }
},
{
    "pk": "086b9e9e-5c3e-49b8-8dd1-bcaaf0cb5a09", 
    "model": "photos.photo", 
    "fields": {
        "album": 4, 
        "author": 9, 
        "bucket": "local:photos01", 
        "height": 480, 
        "width": 640, 
        "date_created": "2009-10-02T19:18:39Z"
    }
},
{
    "pk": "12c2433c-2eea-4b6b-9527-04ae8a47ec24", 
    "model": "photos.photo", 
    "fields": {
        "album": 6, 
        "author": 14, 
        "bucket": "local:photos02", 
        "height": 480, 
        "width": 640, 
        "date_created": "2009-08-09T23:45:03Z"
    }
},
{
    "pk": "1e3d3ec8-c386-4317-86e8-794b190841ce", 
    "model": "photos.photo", 
    "fields": {
        "album": 7, 
        "author": 3, 
        "bucket": "local:photos01", 
        "height": 480, 
        "width": 640, 
        "date_created": "2010-01-19T23:59:17Z"
    }
},
{
    "pk": "20daf150-6dc8-4267-89b9-c7f754d6b7e0", 
    "model": "photos.photo", 
    "fields": {
        "album": 7, 
        "author": 13, 
        "bucket": "local:photos04", 
        "height": 480, 
        "width": 640, 
        "date_created": "2010-01-05T19:39:41Z"
    }
},
{
    "pk": "2d7e82e0-fc92-4f1d-9deb-df1cef6c5c11", 
    "model": "photos.photo", 
    "fields": {
        "album": 5, 
        "author": 5, 
        "bucket": "local:photos03", 
        "height": 480, 
        "width": 640, 
        "date_created": "2009-02-17T16:53:13Z"
    }
},
{
    "pk": "34349f5a-0c21-405a-b475-18170af7ba31", 
    "model": "photos.photo", 
    "fields": {
        "album": 10, 
        "author": 10, 
        "bucket": "local:photos04", 
        "height": 480, 
        "width": 640, 
        "date_created": "2009-10-01T09:29:39Z"
    }
},
{
    "pk": "43c74de2-042d-4c83-af54-27b3233cc80b", 
    "model": "photos.photo", 
    "fields": {
        "album": 9, 
        "author": 6, 
        "bucket": "local:photos04", 
        "height": 480, 
        "width": 640, 
        "date_created": "2009-06-28T14:09:05Z"
    }
},
{
    "pk": "7f0cee2c-76f3-4cdb-907e-4182c49b2c4b", 
    "model": "photos.photo", 
    "fields": {
        "album": 2, 
        "author": 14, 
        "bucket": "local:photos03", 
        "height": 480, 
        "width": 640, 
        "date_created": "2009-01-31T10:50:43Z"
    }
},
{
    "pk": "8c58a894-a131-4842-b4f3-cf64fb760457", 
    "model": "photos.photo", 
    "fields": {
        "album": 10, 
        "author": 9, 
        "bucket": "local:photos02", 
        "height": 480, 
        "width": 640, 
        "date_created": "2009-10-24T00:57:38Z"
    }
},
{
    "pk": "8d116832-d725-4160-9a08-8b3ddbc27b20", 
    "model": "photos.photo", 
    "fields": {
        "album": 8, 
        "author": 1, 
        "bucket": "local:photos02", 
        "height": 480, 
        "width": 640, 
        "date_created": "2009-07-07T12:57:11Z"
    }
},
{
    "pk": "b520031d-e0ba-4c4e-a0ab-038ee22ffc2c", 
    "model": "photos.photo", 
    "fields": {
        "album": 3, 
        "author": 11, 
        "bucket": "local:photos01", 
        "height": 480, 
        "width": 640, 
        "date_created": "2009-12-04T21:48:47Z"
    }
},
{
    "pk": "c0843edd-c2a6-438b-b03b-8ad2babc318d", 
    "model": "photos.photo", 
    "fields": {
        "album": 10, 
        "author": 11, 
        "bucket": "local:photos04", 
        "height": 480, 
        "width": 640, 
        "date_created": "2009-10-24T06:27:04Z"
    }
},
{
    "pk": "c87eae23-b461-407f-a411-52ccb838673d", 
    "model": "photos.photo", 
    "fields": {
        "album": 8, 
        "author": 17, 
        "bucket": "local:photos01", 
        "height": 480, 
        "width": 640, 
        "date_created": "2009-05-29T12:42:20Z"
    }
},
{
    "pk": "cb102ef4-a285-42f4-916e-f33957eeb830", 
    "model": "photos.photo", 
    "fields": {
        "album": 8, 
        "author": 5, 
        "bucket": "local:photos04", 
        "height": 480, 
        "width": 640, 
        "date_created": "2009-06-18T13:54:32Z"
    }
},
{
    "pk": "cb9e8bc9-fa66-48a1-a808-e318069ee5fe", 
    "model": "photos.photo", 
    "fields": {
        "album": 1, 
        "author": 15, 
        "bucket": "local:photos04", 
        "height": 480, 
        "width": 640, 
        "date_created": "2009-11-08T16:06:31Z"
    }
},
{
    "pk": "e0e65b5b-00a7-4a0b-b86d-1ad84e06df17", 
    "model": "photos.photo", 
    "fields": {
        "album": 7, 
        "author": 4, 
        "bucket": "local:photos03", 
        "height": 480, 
        "width": 640, 
        "date_created": "2010-01-03T01:29:37Z"
    }
},
{
    "pk": "eba0dc16-0535-4c7e-9e10-88696eb227e9", 
    "model": "photos.photo", 
    "fields": {
        "album": 5, 
        "author": 11, 
        "bucket": "local:photos01", 
        "height": 480, 
        "width": 640, 
        "date_created": "2009-02-23T06:30:00Z"
    }
},
{
    "pk": "fe234f28-8299-4296-b85d-d1d2d31b690a", 
    "model": "photos.photo", 
    "fields": {
        "album": 1, 
        "author": 17, 
        "bucket": "local:photos03", 
        "height": 480, 
        "width": 640, 
        "date_created": "2009-10-15T18:22:50Z"
    }
}
]
